,xm,bj,xb,yw,sx,wy,zz,ls,dl,wl,hx,sw,wlfk
0,zhou_li,1101,nv,94,82,96,97,97,98,95,94,88,wen_ke
1,shang_hai_meng,1101,nan,87,94,89,95,94,94,90,90,89,wen_ke
2,shu_jiang_hui,1101,nan,92,79,86,98,95,96,89,94,87,wen_ke
3,weng_ke,1101,nv,91,84,96,93,97,94,82,90,83,wen_ke
4,qi_jiang,1101,nan,85,92,82,93,87,88,95,94,93,wen_ke
5,chen_rong,1101,nv,92,82,85,91,90,92,82,98,90,wen_ke
6,mu_ling_li,1101,nv,88,72,86,94,87,88,89,98,94,wen_ke
7,wei_yong_jie,1101,nan,81,89,87,97,94,96,81,88,83,wen_ke
8,gong_lan_xiu,1101,nv,88,77,95,94,84,94,87,94,82,wen_ke
9,shu_ya,1101,nv,94,81,88,91,85,98,81,88,88,wen_ke
10,zai_ling_ling,1101,nv,87,83,92,91,86,94,84,90,87,wen_ke
11,tai_you_sheng,1101,nan,88,82,91,89,81,98,89,98,75,wen_ke
12,li_yang,1101,nan,79,84,91,87,91,87,85,96,90,wen_ke
13,bo_jie,1101,nan,78,81,83,86,88,98,85,90,99,wen_ke
14,sang_xi_yu,1101,nan,83,85,82,91,88,88,88,86,93,wen_ke
15,tu_zhen_jin,1101,nv,80,84,91,91,85,100,73,90,90,wen_ke
16,luo_yang,1101,nv,89,71,90,95,91,96,84,88,80,wen_ke
17,shao_li_jun,1101,nv,89,84,85,97,84,86,72,96,89,wen_ke
18,chai_yang_ping,1101,nv,91,78,89,94,90,90,89,90,71,wen_ke
19,cui_zhi_fu,1101,nan,85,79,88,87,78,93,84,96,87,wen_ke
20,ji_hua_ren,1101,nan,90,61,82,93,90,96,76,96,92,wen_ke
21,bing_gui_hua,1101,nv,87,74,86,95,81,88,85,96,84,wen_ke
22,cheng_gui_lian,1101,nv,87,88,89,95,87,84,85,80,80,wen_ke
23,yu_yu_qing,1101,nv,90,70,88,91,84,98,89,86,78,wen_ke
24,ling_shi_yu,1101,nv,84,55,95,90,86,100,80,96,86,wen_ke
25,lou_ceng_ceng,1101,nv,90,92,86,90,83,86,85,80,79,wen_ke
26,beng_shi_wei,1101,nv,85,78,87,87,71,95,75,98,87,wen_ke
27,shang_wen_jing,1101,nv,85,83,86,95,87,92,69,88,78,wen_ke
28,shi_hua_jun,1101,nv,82,78,86,91,85,92,81,88,79,wen_ke
29,fan_fa_wan,1101,nan,84,74,83,93,98,88,64,86,90,wen_ke
30,wei_feng_lin,1101,nv,85,70,80,93,91,88,83,94,76,wen_ke
31,ai_yuan_yuan,1101,nv,81,70,81,80,93,92,89,86,87,wen_ke
32,ben_hui_e,1101,nv,86,73,88,92,88,86,68,86,80,wen_ke
33,gong_ri_feng,1101,nv,80,65,86,98,86,98,90,76,68,wen_ke
34,yu_chun_yan,1101,nv,86,74,88,85,69,90,79,90,78,wen_ke
35,mo_chong,1101,nan,84,72,65,93,95,98,66,82,81,wen_ke
36,hu_xiao_qian,1101,nv,80,64,89,92,70,92,78,90,80,wen_ke
37,hou_dai_hong,1101,nan,81,71,80,92,96,88,71,72,79,wen_ke
38,lian_er_lan,1101,nv,82,81,85,88,78,98,64,82,72,wen_ke
39,deng_hong_tao,1101,nan,79,74,75,95,97,92,56,76,83,wen_ke
40,fu_chun_xiu,1101,nv,89,70,74,91,88,92,62,88,73,wen_ke
41,luo_yun,1101,nv,92,69,85,91,84,88,57,76,82,wen_ke
42,li/li_xiao_fang,1101,nv,77,73,81,94,84,88,63,80,79,wen_ke
43,dou_tao_yan,1101,nv,78,60,87,91,83,70,79,82,82,wen_ke
44,xu_meng,1101,nan,83,65,90,94,86,86,58,76,66,wen_ke
45,li_chun_xiu,1101,nv,77,68,85,83,77,86,69,74,72,wen_ke
46,tun_jiang_yan,1101,nv,86,71,77,83,69,92,62,84,67,wen_ke
47,bang_xiao_bing,1101,nan,77,60,83,81,84,88,70,78,69,wen_ke
48,lv_sui,1101,nv,83,59,77,90,81,78,68,70,78,wen_ke
49,pang_qin,1101,nv,84,57,73,92,84,92,53,64,80,wen_ke
50,jin_tao,1101,nan,81,59,77,83,69,90,56,92,68,wen_ke
51,wei_zhi_beng,1101,nan,70,67,74,92,73,88,40,52,58,wen_ke
52,ji_zhen_li/li,1102,nv,88,91,88,95,85,96,85,100,94,wen_ke
53,chang_hui,1102,nv,91,82,91,96,91,94,90,92,90,wen_ke
54,jing_qiu_jiang,1102,nan,88,83,84,94,91,88,96,98,92,wen_ke
55,fu_wu_lian,1102,nv,91,82,76,96,94,92,87,96,96,wen_ke
56,shu_me_ze,1102,nv,92,76,87,96,95,98,84,94,88,wen_ke
57,lin_meng_jian,1102,nan,86,75,90,94,92,98,89,92,92,wen_ke
58,quan_jiang_gong,1102,nv,90,81,88,94,88,93,87,96,90,wen_ke
59,qian_rui_yang,1102,nv,87,85,82,95,90,92,88,98,89,wen_ke
60,gong_lian_jiang,1102,nan,89,94,85,96,89,94,90,86,79,wen_ke
61,que_ting_ting,1102,nv,91,82,93,97,85,94,78,94,86,wen_ke
62,xiang_yun_cheng,1102,nan,85,87,82,94,94,90,83,92,92,wen_ke
63,du_an_xiong,1102,nan,86,87,87,97,83,100,72,98,88,wen_ke
64,luan_jin_xiang,1102,nv,85,84,93,90,89,94,74,98,88,wen_ke
65,lang_qiu_yang,1102,nv,81,88,89,93,85,100,81,98,80,wen_ke
66,teng_shun,1102,nan,80,96,87,96,97,92,69,92,85,wen_ke
67,he_chu_ya,1102,nv,81,87,95,76,84,96,85,94,94,wen_ke
68,gao_rong,1102,nan,84,89,84,97,88,96,69,92,92,wen_ke
69,wei_jia_li,1102,nv,90,87,90,94,88,92,77,92,80,wen_ke
70,liu_ya_ling,1102,nv,86,78,89,92,91,98,77,92,86,wen_ke
71,xiang_jing,1102,nv,85,75,88,92,92,90,82,88,94,wen_ke
72,niu_zhi_yun,1102,nv,89,78,91,96,94,94,75,88,80,wen_ke
73,ju_hua,1102,nan,87,80,85,92,91,97,82,92,79,wen_ke
74,bian_fu_xiu,1102,nv,76,79,89,92,78,96,90,94,89,wen_ke
75,cong_shu_nian,1102,nan,83,72,76,93,86,94,87,98,91,wen_ke
76,lin_xiao_yan,1102,nv,93,86,80,94,95,90,68,86,88,wen_ke
77,yan_si_feng,1102,nan,85,81,85,95,86,92,77,88,87,wen_ke
78,kong_yan,1102,nv,83,90,82,91,78,94,75,94,85,wen_ke
79,su_yong_qing,1102,nan,90,72,88,93,84,90,75,90,88,wen_ke
80,chai_fan,1102,nan,88,70,93,87,87,96,80,86,79,wen_ke
81,tian_xue,1102,nv,87,73,93,95,85,94,61,90,85,wen_ke
82,lai_shu_hui,1102,nv,85,83,89,90,85,90,72,88,81,wen_ke
83,yu_xiao_zai,1102,nan,80,87,83,88,88,94,73,86,81,wen_ke
84,meng_xiao_lan,1102,nv,85,70,87,84,90,94,83,82,84,wen_ke
85,jiang_cheng_fu,1102,nan,88,81,88,95,89,92,60,82,81,wen_ke
86,huang_qing_yuan,1102,nan,89,73,86,91,80,94,65,90,86,wen_ke
87,chen/shen_cheng_zhu,1102,nan,90,77,75,90,94,90,70,88,78,wen_ke
88,di_xin_yao,1102,nan,88,71,82,66,88,92,86,94,84,wen_ke
89,yang_chong_ya,1102,nan,85,75,87,89,76,90,78,92,77,wen_ke
90,hao_jia_gong,1102,nv,89,58,88,87,71,90,83,90,88,wen_ke
91,long_xiao_lian,1102,nv,81,79,84,97,75,88,68,90,79,wen_ke
92,bao_hai_yan,1102,nv,88,85,80,94,80,90,60,84,77,wen_ke
93,mi_long/long_bin,1102,nan,85,63,73,91,96,92,82,74,80,wen_ke
94,wei_xiang_ting,1102,nv,82,75,87,87,79,96,61,84,84,wen_ke
95,tan_jing_mei,1102,nv,82,80,79,88,86,88,75,72,80,wen_ke
96,zan_mei_jun,1102,nv,88,83,80,93,83,94,59,76,73,wen_ke
97,ji_xu,1102,nan,84,68,89,90,87,78,58,86,86,wen_ke
98,chou_xiang_yan,1102,nv,89,51,83,98,87,84,73,80,81,wen_ke
99,shi_guo_hua,1102,nan,82,83,87,86,89,90,58,72,78,wen_ke
100,cang_qi_shen,1102,nan,74,62,82,88,79,90,82,88,78,wen_ke
101,e_feng_yang,1102,nv,86,70,76,90,86,84,72,76,82,wen_ke
102,yang_jiang_yun,1102,nan,89,74,77,91,78,84,74,78,77,wen_ke
103,shi_gao_xiang,1102,nan,83,65,79,89,82,80,79,84,79,wen_ke
104,li/li_shu_li,1102,nv,88,70,78,91,89,94,62,80,68,wen_ke
105,yun_xue_zhen,1102,nv,88,73,83,94,82,92,49,82,68,wen_ke
106,gong_gong_xia,1102,nv,82,56,90,94,83,81,65,68,81,wen_ke
107,xun_xiao_juan,1102,nv,83,73,78,86,74,82,62,86,69,wen_ke
108,cang_xiao_jiang,1102,nan,80,68,74,87,76,84,44,80,69,wen_ke
109,ju_fu_xing,1102,nan,85,63,76,72,72,80,53,82,68,wen_ke
110,ji_ju_cong,1103,nv,90,87,89,92,93,88,91,94,90,wen_ke
111,shuang_su_lian,1103,nv,89,77,90,97,92,94,80,98,91,wen_ke
112,ca_yu_yan,1103,nv,91,75,82,90,94,98,85,96,93,wen_ke
113,ge_wan,1103,nv,91,82,94,97,80,94,83,96,86,wen_ke
114,zhong_qi_guo,1103,nan,80,95,87,95,93,96,80,90,84,wen_ke
115,huang_min_min,1103,nv,87,88,89,98,87,94,74,88,92,wen_ke
116,di_jiang,1103,nan,87,91,88,84,91,92,83,90,90,wen_ke
117,fu_qing_hua,1103,nan,85,95,77,94,98,90,80,92,84,wen_ke
118,reng_gong_juan,1103,nv,86,85,84,93,91,90,81,94,90,wen_ke
119,chu_bin,1103,nan,91,84,86,96,96,96,71,88,86,wen_ke
120,gong_zhuo,1103,nan,70,86,86,94,87,92,92,98,88,wen_ke
121,gu_ying,1103,nv,84,84,86,90,85,92,92,82,95,wen_ke
122,hang_jin_hua,1103,nv,82,80,85,91,87,94,85,96,85,wen_ke
123,qian_yun_qi,1103,nv,90,73,83,93,91,96,83,90,82,wen_ke
124,bao_cui_lian,1103,nv,86,83,84,90,96,92,81,90,79,wen_ke
125,yi_wen_jing,1103,nv,82,83,86,91,91,94,83,84,84,wen_ke
126,an_yun,1103,nv,83,88,81,95,89,90,75,94,82,wen_ke
127,liu_gong_hua,1103,nv,86,77,84,92,94,98,87,90,69,wen_ke
128,xi_xiao_juan,1103,nv,86,76,87,87,79,94,91,94,82,wen_ke
129,song_xiu_feng,1103,nv,87,89,82,98,90,94,71,90,74,wen_ke
130,peng_yue,1103,nv,85,85,90,94,74,94,73,92,86,wen_ke
131,tao_yu_feng,1103,nv,86,85,84,95,81,90,84,82,86,wen_ke
132,zou_fa_meng,1103,nan,80,75,92,93,95,81,82,88,85,wen_ke
133,ai_yu_qing,1103,nan,92,79,90,96,74,95,67,94,81,wen_ke
134,gu_yu_qin,1103,nv,90,68,89,89,93,88,70,94,86,wen_ke
135,li/li_hua,1103,nv,94,80,88,98,82,86,69,88,82,wen_ke
136,liu_an_meng,1103,nan,84,65,87,92,87,94,74,98,85,wen_ke
137,feng_chun_lin,1103,nv,88,65,81,86,87,92,84,90,91,wen_ke
138,fu_cai_hua,1103,nv,87,77,85,94,84,94,78,92,73,wen_ke
139,meng_jun,1103,nan,77,85,76,95,92,98,72,86,81,wen_ke
140,zai_dan/dan,1103,nv,86,86,84,97,80,88,84,90,66,wen_ke
141,bing_de_dong,1103,nan,91,65,69,87,96,90,79,96,82,wen_ke
142,chen_dao_yun,1103,nan,82,72,71,91,91,92,81,92,81,wen_ke
143,cao_xian_dong,1103,nan,83,81,80,92,81,80,90,80,83,wen_ke
144,hong_jian_xin,1103,nan,87,72,92,86,83,93,78,88,71,wen_ke
145,ba_chun_xin,1103,nan,84,76,82,96,86,82,74,88,81,wen_ke
146,lian_yang_peng,1103,nan,84,84,72,95,93,94,67,80,77,wen_ke
147,liang_hui,1103,nan,84,72,81,96,94,92,68,88,71,wen_ke
148,chan_qin,1103,nv,87,68,95,92,88,94,64,84,67,wen_ke
149,tong_hai_hua,1103,nv,82,75,82,90,91,90,59,80,84,wen_ke
150,qiu_yang_yan_jing,1103,nv,89,73,79,88,87,90,53,84,83,wen_ke
151,dan_xing_xing,1103,nv,80,73,78,84,78,88,90,82,73,wen_ke
152,tong_shi_lan,1103,nv,86,74,77,93,83,79,80,88,66,wen_ke
153,gui_qing_shi,1103,nan,82,71,67,83,75,94,80,82,89,wen_ke
154,bei_li/li_hua,1103,nan,76,55,84,92,84,90,85,80,75,wen_ke
155,ai_chun_lian,1103,nv,86,59,87,89,85,92,73,74,68,wen_ke
156,yang_zhong_jian,1103,nan,79,73,82,78,80,88,79,84,69,wen_ke
157,chan_su_yang,1103,nv,86,61,84,93,82,84,61,86,70,wen_ke
158,hong_chun_hai,1103,nan,75,82,76,87,79,94,79,68,65,wen_ke
159,fei_fu_wen,1103,nan,81,68,80,92,97,78,64,76,61,wen_ke
160,bo_peng_fei,1103,nan,75,72,83,83,63,92,74,80,72,wen_ke
161,bao_yang_liu_qi,1103,nv,86,71,89,89,67,90,51,74,74,wen_ke
162,huan_lin,1103,nv,78,67,79,87,75,80,63,82,73,wen_ke
163,ban_yong_ping,1103,nv,85,63,76,88,68,80,61,82,73,wen_ke
164,xie_tian_tian,1103,nan,69,62,69,82,85,94,48,90,63,wen_ke
165,tan_sai_yuan,1103,nv,87,67,64,85,76,88,37,74,69,wen_ke
166,lai_wang,1103,nan,65,26,53,87,91,96,21,56,58,wen_ke
167,lao_yu,1104,nv,88,94,93,99,92,100,94,98,97,wen_ke
168,wei_zuo,1104,nv,92,84,96,97,98,94,91,98,94,wen_ke
169,chu_you_xiang,1104,nv,88,88,95,96,84,95,98,98,88,wen_ke
170,ji_shi_yuan,1104,nan,86,84,88,94,96,98,82,100,96,wen_ke
171,fu_shuang_qi,1104,nv,91,92,96,90,91,94,91,90,87,wen_ke
172,chang_rui_yang,1104,nv,86,78,89,91,97,100,83,98,97,wen_ke
173,dou_peng,1104,nan,87,93,88,91,80,92,98,98,91,wen_ke
174,cheng_hui,1104,nv,94,92,91,92,86,98,85,96,80,wen_ke
175,hao_sha_sha,1104,nv,86,84,83,95,91,91,94,100,89,wen_ke
176,reng_xiao_yu,1104,nv,90,95,92,95,89,90,82,94,86,wen_ke
177,mo_juan,1104,nv,86,93,89,98,96,88,84,96,82,wen_ke
178,tong_nan,1104,nv,92,83,88,95,91,92,86,92,92,wen_ke
179,ben_li,1104,nv,89,89,93,97,93,98,73,92,87,wen_ke
180,jie_xiao,1104,nan,90,94,95,91,96,94,89,86,76,wen_ke
181,tu_jian_yu,1104,nan,84,94,93,93,95,90,90,90,81,wen_ke
182,ji_fa_yong,1104,nan,86,74,88,94,94,100,88,94,84,wen_ke
183,mu_yang_xue,1104,nv,89,84,95,93,87,96,89,92,75,wen_ke
184,che_da,1104,nan,84,95,85,90,89,94,89,84,88,wen_ke
185,gong_fu,1104,nan,92,95,81,95,95,94,76,88,81,wen_ke
186,ban_gao_yu,1104,nan,89,78,90,92,93,92,68,98,92,wen_ke
187,dou_xiao_hang,1104,nan,86,77,90,73,95,95,92,94,89,wen_ke
188,lu_hua,1104,nan,89,88,82,92,94,92,88,80,82,wen_ke
189,chan_yuan,1104,nv,86,84,86,93,91,92,78,88,81,wen_ke
190,geng_chen_xin_yu,1104,nan,88,88,80,95,95,92,63,94,83,wen_ke
191,lei_yong_xin,1104,nan,85,81,92,95,86,90,81,92,76,wen_ke
192,chang_lin_qing,1104,nan,86,97,86,93,94,96,63,88,74,wen_ke
193,jing_xiao_wei,1104,nv,89,91,82,90,88,82,77,92,85,wen_ke
194,he_gu_wei,1104,nan,92,67,90,92,98,94,61,96,85,wen_ke
195,gu_xin_yu,1104,nv,92,85,83,92,92,90,79,86,76,wen_ke
196,hu_wen_jing,1104,nv,86,89,92,90,81,88,75,90,83,wen_ke
197,shen_su_beng,1104,nv,88,71,88,94,83,94,84,90,81,wen_ke
198,dao_xiao_yan,1104,nv,92,85,90,97,94,92,63,82,78,wen_ke
199,gu_yi_ling,1104,nv,87,81,92,91,93,93,70,86,79,wen_ke
200,dong_xiang,1104,nv,90,81,94,95,87,88,74,88,71,wen_ke
201,lv_yi_she,1104,nan,82,84,80,92,97,96,75,70,84,wen_ke
202,pu_dan/dan_hua,1104,nv,88,79,80,95,93,96,58,94,77,wen_ke
203,ji_ca,1104,nv,85,82,88,85,85,84,69,90,90,wen_ke
204,feng_yao,1104,nv,89,82,83,95,92,85,67,86,78,wen_ke
205,gong_yuan,1104,nan,81,83,70,86,86,94,80,94,82,wen_ke
206,feng_zhen,1104,nv,85,77,91,94,88,96,59,86,80,wen_ke
207,juan_tang_jin_xing,1104,nv,83,82,83,84,81,94,83,84,78,wen_ke
208,mei_ting_ya,1104,nan,89,84,77,94,84,94,65,84,76,wen_ke
209,ma_ji_fa,1104,nan,82,79,78,93,78,94,71,84,87,wen_ke
210,long_yan_xiang,1104,nv,87,74,83,87,93,82,69,86,81,wen_ke
211,cao_xian_yan,1104,nv,87,81,85,100,83,86,58,80,81,wen_ke
212,chen/shen_yuan,1104,nv,87,83,85,89,81,88,73,78,77,wen_ke
213,xu_ru,1104,nv,89,82,87,87,83,96,64,76,77,wen_ke
214,bei_ru_lian,1104,nv,85,71,77,96,90,90,60,80,85,wen_ke
215,liu_xiang_qin,1104,nv,88,81,90,96,79,72,70,82,75,wen_ke
216,mo_qiu_ping,1104,nv,86,80,95,90,86,90,62,76,66,wen_ke
217,cui_hui,1104,nan,87,72,88,92,87,86,49,84,80,wen_ke
218,li_xiao_xiao,1104,nv,83,63,85,88,79,84,63,78,86,wen_ke
219,xue_yong_xiu,1104,nv,85,76,79,89,81,84,60,82,72,wen_ke
220,xiang_ya_ni,1104,nv,90,63,92,89,78,80,57,80,68,wen_ke
221,bian_yuan,1104,nv,93,66,92,90,77,86,53,70,66,wen_ke
222,guo_chen,1104,nv,78,70,78,98,83,86,42,86,59,wen_ke
223,che_ru,1105,nv,91,98,86,94,90,96,88,100,93,wen_ke
224,chang_ju_zhen,1105,nv,89,91,92,95,90,96,94,96,93,wen_ke
225,fu_dai_qi,1105,nan,92,97,86,94,98,100,77,96,94,wen_ke
226,chen_yu,1105,nv,92,93,88,98,98,100,88,88,85,wen_ke
227,bo_jiang_min,1105,nv,90,84,95,94,97,96,93,98,83,wen_ke
228,fan_li_peng,1105,nv,89,95,92,95,89,94,81,98,90,wen_ke
229,lin_qian_lan,1105,nv,90,96,91,97,98,94,82,90,85,wen_ke
230,shen_min,1105,nv,90,92,87,97,95,92,81,94,89,wen_ke
231,xie_lan_yu,1105,nv,85,84,85,96,94,98,89,96,89,wen_ke
232,shi_lan_xiang,1105,nv,88,92,92,98,89,94,84,90,82,wen_ke
233,mo_dai_zhang,1105,nan,91,86,83,97,94,90,81,94,92,wen_ke
234,lin_zi_tian,1105,nan,89,93,88,91,98,98,79,90,79,wen_ke
235,yang_ya_qian,1105,nv,93,87,90,96,92,92,87,90,77,wen_ke
236,xie_qian_qian,1105,nv,84,86,92,97,82,92,92,94,84,wen_ke
237,mi_lin_yan,1105,nv,91,91,90,94,82,96,78,98,83,wen_ke
238,xie_yu_shuang,1105,nv,94,95,95,96,90,92,66,86,88,wen_ke
239,hong_shi_yu,1105,nan,92,94,90,92,94,98,75,92,75,wen_ke
240,ling_hua,1105,nan,88,84,85,93,94,94,77,96,90,wen_ke
241,ji_yu_qin,1105,nv,90,78,88,97,94,100,79,86,87,wen_ke
242,wei_ju_rong,1105,nv,91,71,87,93,98,98,84,90,86,wen_ke
243,peng_qing_meng,1105,nv,91,91,89,95,86,90,81,90,84,wen_ke
244,jiang_xiang_beng,1105,nan,90,82,84,92,80,94,79,96,99,wen_ke
245,mo_xiao_li,1105,nv,88,88,93,94,87,94,72,96,83,wen_ke
246,ca_yan_lin,1105,nv,94,96,86,94,91,92,70,92,80,wen_ke
247,ying_he_hua,1105,nv,87,88,89,92,93,84,81,96,84,wen_ke
248,meng_ding_xiang,1105,nan,87,90,77,92,96,94,85,86,84,wen_ke
249,yan_feng_qin,1105,nv,92,90,91,96,85,90,73,92,78,wen_ke
250,guo_meng_ru,1105,nv,92,68,87,94,89,94,89,90,83,wen_ke
251,feng_mei,1105,nv,92,90,86,96,91,94,68,86,83,wen_ke
252,nai_zhang,1105,nan,87,96,87,95,86,88,71,92,83,wen_ke
253,he_wen,1105,nv,89,86,95,97,88,90,71,90,78,wen_ke
254,ban_min,1105,nv,81,83,91,96,86,92,86,92,72,wen_ke
255,liu_rui_feng,1105,nan,90,84,78,96,98,92,64,90,86,wen_ke
256,quan_xiao_yan,1105,nv,89,82,86,91,92,98,66,90,84,wen_ke
257,yan_jing_fan,1105,nan,89,79,71,94,91,98,85,82,84,wen_ke
258,qiao_tian_jun,1105,nan,91,93,85,92,83,90,74,90,75,wen_ke
259,chu_dong_lian,1105,nv,95,90,92,94,71,86,80,92,73,wen_ke
260,sang_shen_yu,1105,nan,87,92,86,94,90,88,75,80,78,wen_ke
261,shi_kang_ning,1105,nv,89,74,83,95,93,92,72,92,79,wen_ke
262,he_jin_jin,1105,nv,92,90,86,92,87,92,76,86,66,wen_ke
263,fei_yue,1105,nv,84,77,79,95,91,86,71,92,91,wen_ke
264,nie_xin_yu,1105,nv,82,81,82,100,91,90,64,94,82,wen_ke
265,jing_qian,1105,nv,84,80,85,95,82,82,86,90,79,wen_ke
266,yi_qi_lian,1105,nv,91,79,84,99,94,88,65,76,85,wen_ke
267,chu_dan/dan_dan/dan,1105,nv,85,83,81,88,88,86,77,88,81,wen_ke
268,luan_ling,1105,nv,82,90,91,94,83,90,78,74,75,wen_ke
269,yi_guo_jiang,1105,nan,89,87,82,93,95,96,66,76,72,wen_ke
270,cheng_xiu_cui,1105,nv,92,79,92,89,89,90,72,84,69,wen_ke
271,che_jue_xiang,1105,nv,89,73,82,93,90,90,60,92,85,wen_ke
272,ji_yuan_yuan,1105,nv,89,61,79,90,79,96,88,82,86,wen_ke
273,wu_xiu_ling,1105,nv,93,81,82,96,82,96,59,80,81,wen_ke
274,ba_ting_ting,1105,nv,90,74,75,94,95,86,66,84,81,wen_ke
275,jiang_qiu_lian,1105,nv,89,61,89,95,87,94,82,70,76,wen_ke
276,zai_xue_ting,1105,nv,86,82,83,92,94,81,77,74,74,wen_ke
277,wu_jiang_yu,1105,nv,80,72,87,94,88,92,67,84,78,wen_ke
278,li/li_zhou_yuan,1105,nv,75,67,83,89,75,86,58,92,77,wen_ke
279,chang_yu_fang,1105,nv,68,74,61,91,78,74,69,76,67,wen_ke
280,geng_lin_mei,1106,nv,93,98,92,99,100,98,97,100,93,wen_ke
281,deng_li_feng,1106,nv,94,95,91,97,98,100,95,100,99,wen_ke
282,xi_meng_huan,1106,nv,93,97,98,96,97,100,91,100,96,wen_ke
283,jie_jie,1106,nv,93,95,95,98,100,98,94,96,92,wen_ke
284,wu_ya_wen,1106,nan,91,95,93,94,97,98,95,100,95,wen_ke
285,feng_yan_qiong,1106,nv,94,92,95,98,100,98,82,98,97,wen_ke
286,jie_he_yang,1106,nv,92,93,96,97,96,98,97,92,91,wen_ke
287,fu_ying_hui,1106,nv,93,95,97,91,99,98,86,100,92,wen_ke
288,lian_hui_min,1106,nv,95,96,99,92,96,96,89,96,90,wen_ke
289,qu_xin_xiu,1106,nv,94,97,93,99,94,96,80,98,97,wen_ke
290,bie_li_fen,1106,nv,90,92,97,97,97,92,91,98,94,wen_ke
291,tun_wei_wei,1106,nv,93,98,96,96,97,98,77,100,93,wen_ke
292,shou_yu_fang,1106,nv,91,98,94,97,94,95,92,96,91,wen_ke
293,wei_qing_long,1106,nan,86,89,91,92,100,98,95,100,93,wen_ke
294,yan_ting,1106,nv,92,92,91,98,98,98,93,96,84,wen_ke
295,feng_shui_ling,1106,nv,93,95,94,97,97,98,86,90,91,wen_ke
296,guan_zhen_ling,1106,nv,93,95,94,94,94,98,88,92,91,wen_ke
297,chen_dong_yang,1106,nv,95,94,91,97,92,91,91,96,90,wen_ke
298,bao_jiang_beng,1106,nv,89,94,95,96,98,96,76,98,94,wen_ke
299,he_dong_mei,1106,nv,93,94,92,92,95,94,86,98,92,wen_ke
300,wei_chun_xiang,1106,nv,92,87,92,97,92,98,89,100,86,wen_ke
301,chong_jun_you,1106,nan,87,97,90,95,98,90,85,98,92,wen_ke
302,mao_fang_ling,1106,nv,93,95,93,97,95,96,78,92,92,wen_ke
303,li_gu_rui,1106,nan,87,90,96,96,97,96,96,82,91,wen_ke
304,juan_da_xi,1106,nan,91,94,86,94,100,98,84,96,88,wen_ke
305,chen/shen_jing,1106,nv,94,96,97,96,93,94,71,100,88,wen_ke
306,bian_yang_xiao_xiao,1106,nv,87,92,93,97,94,96,81,96,91,wen_ke
307,geng_lin_jian,1106,nan,92,96,73,98,100,100,88,94,86,wen_ke
308,lin_en_min,1106,nan,91,94,92,92,93,100,81,94,86,wen_ke
309,bao/pu_liu_yin,1106,nv,91,97,83,96,100,100,83,88,85,wen_ke
310,bang_you_jun,1106,nv,93,93,91,97,91,94,86,94,84,wen_ke
311,chang_lun_yong,1106,nan,90,94,79,96,97,98,85,92,91,wen_ke
312,bie_xing_lin,1106,nv,92,94,96,99,96,96,86,80,82,wen_ke
313,tian_xiao_yan,1106,nv,88,93,89,95,98,94,82,88,90,wen_ke
314,qiu_yan,1106,nv,90,95,93,95,94,98,72,92,88,wen_ke
315,che_yan_xiang,1106,nv,94,91,92,97,96,94,82,90,80,wen_ke
316,shi_bing,1106,nan,88,97,90,94,97,98,70,94,87,wen_ke
317,lao_ji_lan,1106,nv,87,96,93,95,94,98,79,94,78,wen_ke
318,an_sai_wei,1106,nv,91,95,87,89,94,94,70,98,94,wen_ke
319,chang_jia_yan,1106,nv,91,93,81,97,96,98,74,94,88,wen_ke
320,xiao_yan_ling,1106,nv,89,98,97,94,94,96,65,96,83,wen_ke
321,gu_liu_yan,1106,nv,94,90,79,94,89,94,86,98,87,wen_ke
322,bian_han_fang,1106,nv,89,93,94,96,96,98,74,86,84,wen_ke
323,yang_yu_mei,1106,nv,90,93,92,93,98,96,65,92,85,wen_ke
324,hao_xiao_ling,1106,nv,88,94,83,96,96,96,73,86,91,wen_ke
325,jiang_xue,1106,nv,90,93,93,97,96,94,65,86,88,wen_ke
326,zhong_yin_lian,1106,nv,92,93,90,94,91,96,74,92,77,wen_ke
327,gui_yuan_zhen,1106,nv,90,93,87,93,92,92,78,92,81,wen_ke
328,gu_qu,1106,nv,93,90,87,93,94,98,61,94,82,wen_ke
329,ling_hang,1106,nan,89,91,94,96,91,94,60,80,92,wen_ke
330,min_qiong,1106,nv,92,90,96,93,85,96,73,80,82,wen_ke
331,luan_jing,1106,nv,92,85,95,98,88,84,80,78,78,wen_ke
332,zheng_zhen_zhen,1106,nv,91,84,91,93,88,92,61,90,83,wen_ke
333,cheng_mei_yang,1106,nv,87,90,90,94,92,92,52,90,78,wen_ke
334,wu_yang,1106,nv,93,84,89,93,81,86,56,76,70,wen_ke
335,dou_xiang_e,1106,nv,87,78,97,93,83,90,58,66,58,wen_ke
336,ji_wan_yu,1107,nv,94,100,96,98,100,98,88,100,97,wen_ke
337,hong_tian_tian,1107,nv,95,95,95,95,100,98,89,98,96,wen_ke
338,bian_hui_min,1107,nv,92,95,94,94,100,100,88,98,97,wen_ke
339,shan_yang,1107,nan,88,96,92,97,96,100,97,98,93,wen_ke
340,tu_meng_cong,1107,nan,89,96,96,94,100,100,85,98,95,wen_ke
341,wei_gong_shi,1107,nan,89,96,95,95,100,98,80,98,93,wen_ke
342,wu_ze_gong,1107,nan,87,90,90,96,99,100,90,96,95,wen_ke
343,bian_yan_fang,1107,nv,94,99,96,97,92,92,86,96,91,wen_ke
344,gong_bin,1107,nan,87,94,94,93,91,94,95,98,95,wen_ke
345,guan_guo_jiang,1107,nan,94,96,92,92,98,96,91,94,88,wen_ke
346,ma_gong_yang,1107,nv,90,91,92,97,97,98,91,96,88,wen_ke
347,bao_jun,1107,nan,85,92,86,95,98,100,95,96,92,wen_ke
348,wu_jue_feng,1107,nv,87,94,91,94,94,96,94,98,91,wen_ke
349,qu_ya_lan,1107,nv,94,97,95,97,97,100,79,94,86,wen_ke
350,wu_xiao_gong,1107,nv,92,92,89,96,93,94,93,94,94,wen_ke
351,cang_ting,1107,nv,91,94,94,98,94,96,83,94,93,wen_ke
352,ju_yan_ling,1107,nv,89,95,97,97,98,96,77,98,90,wen_ke
353,mi_wei_jin,1107,nan,89,94,92,95,98,96,87,94,91,wen_ke
354,shan_sai_ting,1107,nv,93,91,92,93,99,94,90,94,90,wen_ke
355,wen_hun_yan,1107,nv,93,89,96,89,99,96,88,94,91,wen_ke
356,nong_qiong,1107,nv,93,91,98,95,97,98,85,92,86,wen_ke
357,xuan_bi_lian,1107,nv,91,90,94,98,98,96,82,94,91,wen_ke
358,fan_chi_yu,1107,nan,89,92,91,95,95,98,92,92,90,wen_ke
359,bao/pu_zong_yu,1107,nan,92,93,94,93,96,92,94,88,91,wen_ke
360,lu_ru,1107,nv,91,92,95,94,96,98,80,96,90,wen_ke
361,hua_dun_jia,1107,nan,92,82,88,97,97,100,90,98,88,wen_ke
362,shi_da_qian,1107,nv,90,95,95,95,92,98,88,90,88,wen_ke
363,bian_xiao_jing,1107,nv,89,93,94,94,96,96,84,98,87,wen_ke
364,you_wei_hua,1107,nv,90,89,92,95,94,94,91,98,86,wen_ke
365,yong_qiu_ping,1107,nv,89,85,85,96,97,98,90,92,96,wen_ke
366,luan_can,1107,nv,92,89,92,98,95,92,79,94,96,wen_ke
367,dao_yan_meng,1107,nv,96,91,88,94,97,96,85,84,94,wen_ke
368,du_tao_yang,1107,nv,91,89,92,97,99,96,82,94,83,wen_ke
369,xiao_li_ting,1107,nv,88,97,97,93,95,100,71,94,83,wen_ke
370,fu_yong_lian,1107,nv,89,87,94,95,98,98,72,92,89,wen_ke
371,ma_zhi_shi,1107,nan,91,88,89,97,95,96,82,84,89,wen_ke
372,wang_rong_rong,1107,nv,95,97,95,98,96,94,62,94,79,wen_ke
373,ji_ting_ting,1107,nv,95,85,95,96,98,100,75,94,72,wen_ke
374,deng_fang_beng,1107,nan,91,87,89,94,99,100,71,86,89,wen_ke
375,bang_xiu_jiao,1107,nv,89,81,92,95,95,98,82,96,78,wen_ke
376,ruan_de_jiang,1107,nan,92,95,95,93,92,88,85,92,74,wen_ke
377,shuang_jin,1107,nv,89,94,88,92,95,90,81,82,93,wen_ke
378,wu_shuang_rong,1107,nv,90,87,95,99,99,95,61,92,86,wen_ke
379,yan_xin,1107,nv,91,93,95,94,92,92,81,86,79,wen_ke
380,weng_xiang_zhong,1107,nan,89,96,82,93,97,96,74,100,73,wen_ke
381,quan_jing,1107,nv,87,76,94,93,97,100,72,96,84,wen_ke
382,ji_chang_cheng,1107,nan,86,90,80,97,100,94,79,92,81,wen_ke
383,fang_qiu_chang,1107,nv,88,89,89,90,95,94,72,92,81,wen_ke
384,gu_dun_jie,1107,nan,91,91,86,96,95,98,62,88,81,wen_ke
385,wei_lan,1107,nv,87,89,91,97,89,96,67,94,78,wen_ke
386,dan_fu_heng,1107,nan,86,91,90,93,92,96,68,90,81,wen_ke
387,reng_xiao_ling,1107,nv,90,86,87,97,89,93,73,82,88,wen_ke
388,chen_xi_sheng,1107,nan,91,89,75,95,100,100,59,86,85,wen_ke
389,bao_rui,1107,nan,89,90,82,88,93,98,66,78,81,wen_ke
390,an_tao_tao,1107,nv,86,85,90,95,86,88,66,78,76,wen_ke
391,jiao_jin_yin,1108,nv,91,98,95,99,99,100,100,100,97,li_ke
392,yi_li_xian,1108,nan,92,97,99,95,94,100,100,100,99,li_ke
393,he_wu_jiao,1108,nv,96,98,94,97,94,98,98,98,97,li_ke
394,hong_wen_hao,1108,nan,93,97,93,97,94,98,100,98,99,li_ke
395,yu_qiao_ru,1108,nv,93,99,92,95,100,97,95,100,97,li_ke
396,he_xue_chao,1108,nan,94,96,97,97,95,96,95,100,96,li_ke
397,duan_zheng_biao,1108,nan,93,93,95,96,100,98,94,100,96,li_ke
398,hang_xue_wen,1108,nv,92,97,96,94,98,98,97,98,95,li_ke
399,lou_jie_peng,1108,nan,88,97,96,91,95,96,100,100,99,li_ke
400,pu_zi_hui,1108,nv,89,97,97,96,95,100,94,96,97,li_ke
401,yi_jing_hui,1108,nv,96,98,97,91,95,94,95,100,95,li_ke
402,dai_xiu_lan,1108,nv,91,95,91,94,99,94,98,100,97,li_ke
403,qi_zhi_shuai,1108,nan,92,93,95,94,99,96,95,100,95,li_ke
404,bie_zhi_yu,1108,nan,86,97,92,90,99,98,100,98,97,li_ke
405,guo_xi_ying,1108,nan,94,94,95,95,97,96,94,98,94,li_ke
406,le_yi_huang,1108,nan,90,98,97,94,96,96,91,100,94,li_ke
407,yan_ming_xiang,1108,nan,91,95,91,95,94,98,96,100,94,li_ke
408,chan_ge,1108,nv,90,97,96,91,96,94,97,100,93,li_ke
409,bo_long/long_qing,1108,nan,94,93,85,99,94,100,100,98,91,li_ke
410,yu_guo_zhong,1108,nan,90,95,93,93,91,96,97,100,98,li_ke
411,fang_guan_beng,1108,nv,92,93,90,94,94,94,99,98,97,li_ke
412,gong_hua_beng,1108,nan,91,96,94,92,91,96,92,100,98,li_ke
413,feng_bing_hua,1108,nan,86,98,93,92,95,96,95,100,95,li_ke
414,zou_xue_yan,1108,nv,92,96,96,93,93,94,94,100,92,li_ke
415,lai_shi_zhang,1108,nan,86,97,88,97,95,94,95,100,96,li_ke
416,bie_yan_qin,1108,nv,93,97,94,91,93,92,93,100,95,li_ke
417,nong_jia_qin,1108,nv,86,98,95,92,91,98,92,98,97,li_ke
418,liu_you_xiang,1108,nv,93,94,95,94,89,100,89,100,93,li_ke
419,li_yi_cong,1108,nan,90,97,94,90,95,94,94,96,96,li_ke
420,luo_xiang_feng,1108,nan,96,96,88,94,99,95,89,98,91,li_ke
421,hao_yan_ping,1108,nv,93,92,91,90,98,98,90,96,96,li_ke
422,ning_dun,1108,nan,90,96,92,94,97,96,86,98,95,li_ke
423,shi_er_chu,1108,nan,91,96,89,98,94,96,92,98,90,li_ke
424,hu_ren_jiang,1108,nan,89,89,94,94,91,100,94,98,93,li_ke
425,shan_jin,1108,nan,89,94,95,90,94,96,97,96,91,li_ke
426,mu_you_you,1108,nv,88,89,98,91,99,94,91,96,95,li_ke
427,xun_yao,1108,nv,89,93,97,89,86,90,94,98,97,li_ke
428,yu_li_jun,1108,nv,92,88,91,91,91,96,89,100,95,li_ke
429,shang_zhen_hua,1108,nan,86,96,82,95,90,94,92,100,97,li_ke
430,zhou_zhen_yu,1108,nan,88,88,87,92,97,96,91,96,93,li_ke
431,zong_meng_xiang,1108,nv,93,93,95,91,79,94,91,96,92,li_ke
432,mu_yuan,1108,nv,89,94,86,91,91,96,82,100,94,li_ke
433,wen_xiao_qing,1108,nv,91,85,93,92,97,94,81,100,90,li_ke
434,hao_hui,1108,nv,88,97,93,89,80,92,94,98,91,li_ke
435,ci_liu_hua,1108,nv,92,92,91,92,89,98,74,100,92,li_ke
436,ji_yue,1108,nan,86,89,86,94,89,96,93,94,89,li_ke
437,lu_meng_qiu,1109,nv,93,98,98,97,96,98,100,100,98,li_ke
438,tong_qiu_yan,1109,nv,92,98,95,95,95,100,100,98,98,li_ke
439,jie_yi_qiu,1109,nan,91,93,92,95,100,100,100,100,98,li_ke
440,chen/shen_qiu_yan,1109,nv,94,92,94,96,96,100,100,100,97,li_ke
441,niu_fei_yu,1109,nan,90,98,94,97,95,100,94,100,98,li_ke
442,cu_yi_lin,1109,nv,93,98,97,94,98,97,94,100,95,li_ke
443,jiang_bo_jun_meng,1109,nv,95,94,97,95,99,96,91,100,96,li_ke
444,yu_jing_shi,1109,nv,89,93,97,96,92,100,95,100,100,li_ke
445,qu_hai_beng,1109,nan,82,99,93,94,98,100,97,100,98,li_ke
446,bo_zong_shun,1109,nan,90,96,95,94,93,100,94,100,97,li_ke
447,liu_fu_shuang,1109,nan,90,96,94,89,97,95,99,98,100,li_ke
448,yi_yan_gong,1109,nv,88,96,95,99,93,96,96,98,97,li_ke
449,ji_wen,1109,nan,91,97,90,93,98,98,97,98,95,li_ke
450,guan_qi_hai,1109,nan,89,96,97,88,98,96,97,100,95,li_ke
451,guo_ji,1109,nv,93,97,93,96,93,94,97,98,95,li_ke
452,tu_qiu_hua,1109,nan,87,96,97,96,92,98,94,98,96,li_ke
453,fei_guo_beng,1109,nan,89,98,91,95,91,98,94,100,97,li_ke
454,fu_xiao_hui,1109,nan,89,93,94,94,98,98,94,98,95,li_ke
455,du_ping,1109,nan,89,96,94,93,90,94,100,98,98,li_ke
456,peng_jing_lian,1109,nv,90,94,96,89,98,96,95,100,93,li_ke
457,ji_chun_yan,1109,nv,93,97,96,90,86,98,94,98,97,li_ke
458,ji_xun_ke,1109,nan,85,99,93,97,90,96,94,98,97,li_ke
459,chou_jie,1109,nan,92,94,92,93,96,98,91,100,93,li_ke
460,meng_chang_jing,1109,nan,88,100,88,98,91,98,95,98,93,li_ke
461,an_tian_wen,1109,nan,92,97,92,95,94,94,97,96,91,li_ke
462,ning_yang_mei,1109,nv,90,97,94,94,95,96,95,94,92,li_ke
463,hou_hong,1109,nv,90,93,95,91,96,98,89,96,98,li_ke
464,tu_meng,1109,nan,87,94,94,94,91,96,96,96,97,li_ke
465,bi_mao_yue,1109,nan,91,98,88,95,90,96,93,100,94,li_ke
466,lian_yu,1109,nan,89,97,94,94,87,98,92,100,94,li_ke
467,chou_dong_lan,1109,nv,93,97,89,97,90,94,94,100,91,li_ke
468,di_min,1109,nv,93,93,93,95,91,98,85,100,96,li_ke
469,wu_shui_lian,1109,nv,92,96,92,97,92,96,86,100,93,li_ke
470,bo_chen_qian_zhi,1109,nv,90,98,98,86,94,96,93,96,93,li_ke
471,qin_meng_yong,1109,nan,92,94,87,95,94,92,94,96,97,li_ke
472,suo/suo_jing_yu,1109,nan,86,94,90,93,94,96,92,100,95,li_ke
473,an_chi,1109,nv,94,95,94,91,93,96,85,100,90,li_ke
474,pu_xin,1109,nan,89,96,94,91,85,96,89,100,96,li_ke
475,yu_ru_jiang,1109,nan,86,90,96,96,92,98,88,94,95,li_ke
476,xu_yuan,1109,nv,90,95,92,95,88,90,90,98,96,li_ke
477,gong_chu_ji,1109,nv,92,93,87,93,93,96,93,96,89,li_ke
478,bie_fu_cheng,1109,nan,90,87,88,95,94,100,87,96,94,li_ke
479,kong_yan_lin,1109,nv,90,96,98,96,91,82,82,100,93,li_ke
480,mao_shang_di,1109,nan,89,90,95,96,94,92,79,100,92,li_ke
481,miao_li_hua,1109,nv,90,94,92,90,89,94,91,96,91,li_ke
482,cang_jing_hong,1109,nv,91,92,96,97,82,90,86,96,96,li_ke
483,cheng_jiang_nian,1109,nv,90,89,85,95,90,98,85,98,95,li_ke
484,yan_yu,1109,nan,89,95,92,94,94,94,77,96,94,li_ke
485,ruan_yang_zhi,1109,nan,92,97,84,98,97,90,85,90,86,li_ke
486,lin_jie_jing,1109,nan,89,94,89,92,83,96,89,84,94,li_ke
487,ning_qi,1110,nan,94,97,97,97,100,100,100,100,100,li_ke
488,fu_shi_hong,1110,nan,88,98,99,95,100,100,97,100,95,li_ke
489,shuang_wen_hua,1110,nan,92,97,93,98,95,96,100,100,98,li_ke
490,cheng_xie_qian,1110,nv,88,96,97,96,97,100,100,100,95,li_ke
491,bao_cheng,1110,nan,93,99,98,99,93,98,95,100,92,li_ke
492,wei_fu_jiang,1110,nan,88,96,96,98,95,100,97,100,96,li_ke
493,yan_xiu_jiao,1110,nv,94,92,97,99,97,96,91,100,99,li_ke
494,dou_xin,1110,nan,88,97,96,99,100,96,91,100,97,li_ke
495,shou_qing,1110,nan,93,95,90,93,98,98,97,100,99,li_ke
496,huan_lin_cui,1110,nv,89,96,95,99,94,100,95,98,97,li_ke
497,xuan_jian_gang,1110,nan,90,93,93,96,94,98,97,100,99,li_ke
498,ji_ya_bin,1110,nan,91,91,92,92,98,98,100,100,96,li_ke
499,du_ge,1110,nv,90,96,97,92,93,98,94,100,97,li_ke
500,fu_you_cui,1110,nv,90,97,92,96,97,98,92,100,94,li_ke
501,tu_xiang,1110,nv,89,96,93,95,93,94,97,100,98,li_ke
502,chen_xiao_xi,1110,nv,92,95,94,96,92,94,94,100,97,li_ke
503,lai_peng_xiang,1110,nv,91,96,98,95,93,96,93,96,96,li_ke
504,dai_tu_jie,1110,nan,89,98,99,91,88,98,98,98,95,li_ke
505,cheng_qing_wei,1110,nan,92,96,95,95,95,96,96,98,91,li_ke
506,teng_gui_hai,1110,nan,89,96,93,91,97,98,93,98,98,li_ke
507,wu_chi,1110,nan,90,98,89,96,97,94,94,98,97,li_ke
508,mo_yu_teng,1110,nv,87,97,97,99,95,98,86,100,93,li_ke
509,luan_li_beng,1110,nv,88,97,94,90,92,96,96,100,98,li_ke
510,he_chang_hai,1110,nan,92,93,90,99,94,96,93,98,96,li_ke
511,chen_ling,1110,nv,91,96,97,92,90,92,96,98,98,li_ke
512,xiong_yue,1110,nv,86,97,94,93,96,91,94,100,97,li_ke
513,guo_wei,1110,nan,90,96,91,96,94,98,87,100,95,li_ke
514,shuang_xue_ping,1110,nv,87,96,92,94,96,90,97,100,94,li_ke
515,chen/shen_li,1110,nv,91,95,90,95,93,100,92,100,89,li_ke
516,lin_fang_fang,1110,nv,93,97,97,92,88,94,92,96,95,li_ke
517,xi_jiang_qian,1110,nan,91,90,93,93,96,96,89,100,92,li_ke
518,ca_jing_jing,1110,nan,90,96,88,91,97,92,91,100,93,li_ke
519,qiu_quan,1110,nan,87,92,96,97,95,94,88,92,96,li_ke
520,lian_xiao_yun,1110,nv,90,95,92,94,84,98,94,94,95,li_ke
521,jiang_chang_li,1110,nan,83,96,91,92,83,94,100,100,96,li_ke
522,chong_ge,1110,nan,81,96,82,95,95,94,100,98,93,li_ke
523,xi_wen_li,1110,nv,91,95,91,95,91,94,86,100,90,li_ke
524,zai_cun_yi,1110,nan,87,92,89,94,91,96,92,96,95,li_ke
525,lei_sai_beng,1110,nv,93,92,95,90,80,96,94,98,94,li_ke
526,shu_wu_shen,1110,nv,90,93,91,94,96,94,83,92,94,li_ke
527,sun_juan_lan,1110,nv,86,93,95,89,88,98,83,96,96,li_ke
528,reng_xiao_yu,1110,nv,91,94,94,88,89,90,88,96,93,li_ke
529,bo_dian,1110,nv,90,97,90,96,83,94,87,100,84,li_ke
530,bing_xiao_yan,1110,nv,87,95,91,89,83,96,93,98,88,li_ke
531,tian_lin_qiong,1110,nv,88,94,86,90,87,90,92,96,84,li_ke
532,gao_xiao_su,1110,nv,93,91,93,93,76,94,78,92,96,li_ke
533,fang_shao_wei,1110,nv,83,96,92,93,78,90,79,100,92,li_ke
534,mi_yong,1110,nan,84,89,78,96,85,96,79,98,93,li_ke
535,yu_ling_xian,1111,nv,89,97,88,98,98,98,94,96,93,li_ke
536,han_xu_hua,1111,nan,83,96,90,95,98,98,91,94,97,li_ke
537,gu_jie_xiang,1111,nan,85,96,94,93,91,94,100,98,91,li_ke
538,cang_yan,1111,nv,94,94,97,93,94,96,94,94,86,li_ke
539,reng_xiao_bei,1111,nan,84,95,91,92,95,92,91,100,99,li_ke
540,yuan_dong_mei,1111,nv,93,93,88,97,98,92,88,96,90,li_ke
541,jia_deng_kai,1111,nan,89,97,91,91,90,92,95,98,91,li_ke
542,shou_cai,1111,nan,88,94,98,94,89,92,91,98,90,li_ke
543,mei_rong_sai,1111,nan,89,99,90,95,86,98,89,98,89,li_ke
544,yong_xiu_ping,1111,nv,90,95,94,95,91,88,95,100,85,li_ke
545,yan_wen_hua,1111,nan,87,95,92,89,91,96,95,96,90,li_ke
546,chi_yu_xiang,1111,nv,93,94,92,100,91,98,73,100,88,li_ke
547,wu_yang,1111,nan,89,92,95,93,84,98,94,98,85,li_ke
548,zhuo_xiao_qian,1111,nv,89,93,94,90,88,94,89,94,96,li_ke
549,pi_yang,1111,nv,87,87,93,93,91,96,88,98,94,li_ke
550,tao_jiang_wen,1111,nan,86,90,87,86,94,98,97,96,92,li_ke
551,chen/shen_huan_rong,1111,nv,85,96,91,93,85,94,90,98,92,li_ke
552,cheng_jiang_na,1111,nan,84,94,91,87,92,94,91,94,96,li_ke
553,jiang_yi_jun,1111,nan,92,96,89,88,89,96,92,96,85,li_ke
554,ruan_yu_gong,1111,nan,85,96,85,93,90,92,97,94,90,li_ke
555,xi_chao_xing,1111,nan,89,95,94,97,85,96,85,98,83,li_ke
556,chu_gong_yang,1111,nv,90,96,87,96,89,96,85,98,83,li_ke
557,gong_xiao_yi,1111,nan,86,92,76,92,91,96,93,100,93,li_ke
558,shi_hai_yan,1111,nv,88,94,86,92,94,94,82,92,96,wen_ke
559,gu_zi_jiao,1111,nan,89,87,88,97,89,92,94,96,86,li_ke
560,gong_chun_meng,1111,nan,86,94,90,96,95,86,89,92,89,li_ke
561,zou_tian_fu,1111,nan,87,93,92,89,84,92,95,98,86,li_ke
562,zhang_dai_xian,1111,nan,83,93,86,86,86,92,98,98,93,li_ke
563,ai_yuan,1111,nan,92,94,91,92,80,91,91,94,87,li_ke
564,liu_wei,1111,nan,84,98,97,87,89,89,87,92,88,li_ke
565,yu_ji,1111,nv,91,91,89,91,89,94,80,96,88,li_ke
566,hui_fei_fei,1111,nv,78,93,84,88,89,94,97,96,89,li_ke
567,ji_ya_qiao,1111,nan,88,96,92,88,84,98,91,82,89,li_ke
568,liu_chi_chi,1111,nv,87,97,90,95,87,90,81,94,86,li_ke
569,he_qin_qin,1111,nv,91,94,90,96,78,95,73,98,91,li_ke
570,yuan_meng_ling,1111,nv,94,96,96,90,85,92,81,82,89,li_ke
571,hong_cui_e,1111,nv,88,90,91,91,84,96,88,94,83,li_ke
572,ba_jiang_yan,1111,nv,89,80,90,89,87,98,79,96,91,li_ke
573,zheng_jia_meng,1111,nan,84,94,83,94,85,88,77,94,96,li_ke
574,zou_meng_yi,1111,nan,77,91,86,93,90,95,77,98,87,li_ke
575,ban_wei,1111,nan,87,94,86,84,85,94,81,88,90,li_ke
576,luo_wei_jian,1111,nan,83,93,88,87,80,84,87,96,87,li_ke
577,ji_sai_ling,1111,nv,89,96,90,91,79,90,81,82,86,li_ke
578,fang_ji_ling/ling/ling,1111,nan,86,93,88,87,83,92,72,88,85,li_ke
579,gong_zhuo_min,1111,nan,84,98,79,92,84,90,70,84,78,li_ke
580,gao_lu_yao,1111,nan,88,92,83,89,75,90,70,86,84,li_ke
581,li_yu,1111,nan,83,86,77,91,78,84,81,86,86,li_ke
582,bang_shu_bi,1111,nan,86,93,85,87,81,84,47,98,90,li_ke
583,bie_ya_chun,1112,nv,92,96,86,97,94,93,91,100,99,li_ke
584,bao_mou_shen,1112,nan,91,97,94,96,86,98,94,98,94,li_ke
585,lu_qian_qian,1112,nv,93,98,96,97,84,91,87,100,99,li_ke
586,chu_ru_hua,1112,nv,93,97,93,99,91,96,85,100,90,li_ke
587,reng_yu_feng,1112,nv,90,95,90,94,90,96,82,98,100,li_ke
588,bing_yu_nai,1112,nan,88,97,93,99,78,100,89,98,92,li_ke
589,bai_jie,1112,nan,85,97,86,94,92,96,89,98,95,li_ke
590,su_hong_ban,1112,nan,87,93,85,92,88,94,97,98,96,li_ke
591,shang_yun_hua,1112,nan,80,93,95,90,89,96,92,96,94,li_ke
592,wu_lin_jun,1112,nan,91,93,84,94,95,94,86,96,92,li_ke
593,yan_yi_wang,1112,nan,91,93,83,94,92,92,91,94,92,li_ke
594,lian_qian,1112,nv,86,91,95,88,92,90,89,100,91,li_ke
595,ai_yang_fang_fang,1112,nv,89,98,91,95,87,94,91,86,89,li_ke
596,he_ya,1112,nv,88,92,90,89,93,92,87,100,87,li_ke
597,wen_dun_jiang,1112,nan,81,96,85,89,91,90,97,94,94,li_ke
598,song_xia_xia,1112,nv,90,89,89,94,90,94,94,86,91,li_ke
599,bian_xiang_yuan,1112,nan,92,82,78,92,92,94,95,98,93,li_ke
600,wu_yang_qun_fu,1112,nan,83,91,83,97,94,98,75,96,97,li_ke
601,tong_jian,1112,nan,92,90,85,95,89,92,80,96,95,li_ke
602,zhao_gong_mei,1112,nv,90,94,94,90,90,92,75,96,93,li_ke
603,gao_dong_yu,1112,nv,89,91,94,98,87,94,81,90,90,li_ke
604,cheng_ji_hua,1112,nv,83,96,83,91,90,87,96,94,93,li_ke
605,feng_jing,1112,nan,91,92,88,89,89,96,84,96,88,li_ke
606,yi_cheng_fu,1112,nan,87,90,74,95,90,94,86,100,96,li_ke
607,mei_qiu_xiang,1112,nv,86,95,88,94,81,92,92,96,88,li_ke
608,you_qiu_zhen,1112,nan,90,90,86,93,87,88,85,98,91,li_ke
609,jie_dun,1112,nan,84,98,80,90,89,88,93,96,89,li_ke
610,hao_yu_chao,1112,nan,86,92,85,97,88,93,78,94,92,li_ke
611,zhong_bing,1112,nan,84,95,87,91,96,91,86,88,87,li_ke
612,fu_yun_jia,1112,nv,90,91,89,90,85,100,75,90,94,li_ke
613,wen_rong_qi,1112,nan,89,94,87,93,84,88,77,98,92,li_ke
614,yi_cheng_cheng,1112,nan,84,96,81,81,81,94,95,94,92,li_ke
615,fei_xu_guang,1112,nan,90,92,89,93,92,92,69,94,86,li_ke
616,long_zi_hao,1112,nan,84,92,86,89,85,92,89,92,86,li_ke
617,tun_chun_bin,1112,nan,84,93,93,89,94,88,76,90,87,li_ke
618,qiao_yang_hu,1112,nan,86,87,90,84,85,94,86,90,88,li_ke
619,yi_zhang_cheng,1112,nan,82,88,70,89,92,90,94,90,89,li_ke
620,ji_nai_juan,1112,nv,93,89,86,92,81,92,64,90,93,li_ke
621,bi_dong_xiu,1112,nv,87,91,81,89,76,84,83,94,93,li_ke
622,xiong_xiao_yang,1112,nv,81,76,89,94,87,86,75,96,92,li_ke
623,gan_zi_hong,1112,nan,87,81,92,91,93,86,70,86,89,li_ke
624,zan_yuan_yuan,1112,nv,85,85,76,90,81,96,74,88,96,li_ke
625,gong_ting_ting,1112,nv,84,86,91,89,84,86,70,86,91,li_ke
626,feng_yu_xiang,1112,nv,84,85,86,88,82,96,81,82,83,li_ke
627,meng_ting_ting,1112,nv,86,89,88,89,90,80,58,96,82,li_ke
628,cheng_chao_long,1112,nan,84,96,91,91,0,96,89,98,91,li_ke
629,yu_hong_fu,1113,nan,93,97,90,92,94,96,95,100,93,li_ke
630,fang_zi_cheng,1113,nan,89,86,94,94,96,94,89,96,95,li_ke
631,sang_ming_wang,1113,nan,92,90,89,95,94,98,89,92,90,li_ke
632,zhong_ru_chang,1113,nan,88,89,86,91,92,94,94,98,94,li_ke
633,pu_jing_xiu,1113,nv,90,92,85,91,95,96,88,98,90,li_ke
634,gu_dao_xiang,1113,nan,85,97,82,94,91,96,91,100,88,li_ke
635,dong_yu_xing,1113,nan,87,95,92,92,89,94,83,96,92,li_ke
636,chu_chang_jing,1113,nan,92,95,79,90,91,96,80,98,91,li_ke
637,chi_zheng,1113,nan,92,86,88,92,85,94,80,94,94,li_ke
638,wei_yin_yong,1113,nan,77,96,83,93,92,98,83,90,93,li_ke
639,jian_wei,1113,nan,84,86,90,91,88,98,84,90,92,li_ke
640,feng_yi_shen,1113,nan,91,81,90,94,96,90,73,98,90,li_ke
641,xi_xiu_hao,1113,nan,88,84,91,94,89,98,80,90,88,li_ke
642,zuo_jian_mei,1113,nv,87,88,90,91,86,98,77,94,87,li_ke
643,deng_xin_cai,1113,nan,88,91,83,95,95,92,73,96,79,li_ke
644,gong_wei_wei,1113,nv,91,71,91,94,88,88,85,94,89,li_ke
645,duan_wen_cai,1113,nan,76,92,82,89,84,88,95,100,85,li_ke
646,he_fu_jian,1113,nan,87,81,84,84,98,94,87,92,84,li_ke
647,ji_bei_tao,1113,nan,80,81,87,91,89,94,84,92,90,li_ke
648,dou_ding_xian,1113,nan,86,84,79,85,95,92,92,90,84,li_ke
649,chong_duo_chuan,1113,nan,88,77,88,89,89,91,76,94,94,li_ke
650,duan_ya_ya,1113,nv,85,92,84,90,85,96,81,88,81,li_ke
651,ruan_mo_li/li,1113,nan,85,81,82,87,90,98,81,90,87,li_ke
652,pu_xiang_yun,1113,nv,87,76,89,97,86,96,72,90,87,li_ke
653,chu_meng_xing,1113,nv,80,77,90,92,79,89,91,90,89,li_ke
654,xiao_wen_jing,1113,nv,90,82,89,96,92,88,75,86,76,wen_ke
655,zhou_qing_yuan,1113,nan,84,82,85,88,80,86,92,90,84,li_ke
656,cheng_shi_yu,1113,nan,83,75,81,87,84,94,81,96,89,li_ke
657,cang_fei_yang,1113,nv,86,90,87,86,88,88,78,78,87,li_ke
658,wu_yan,1113,nv,80,91,94,93,75,92,69,92,82,li_ke
659,cu_cong,1113,nan,88,68,79,84,88,92,82,96,88,li_ke
660,yu_chen_ling,1113,nv,87,83,84,95,73,90,76,90,87,li_ke
661,ci_yang_ya_jie,1113,nan,86,66,82,87,89,96,69,96,89,li_ke
662,lv_chang_he,1113,nan,89,85,80,96,84,93,60,86,87,li_ke
663,nong_yang_zhi,1113,nan,82,73,84,95,96,94,63,92,79,li_ke
664,yan_wei_qian,1113,nan,81,71,90,84,78,92,87,84,83,li_ke
665,shou_ji_qing,1113,nan,88,82,72,92,78,88,69,96,84,li_ke
666,bing_duo_meng,1113,nan,89,78,84,84,83,79,89,78,84,li_ke
667,bang_run_quan,1113,nan,81,81,91,85,82,86,77,86,76,li_ke
668,cong_jin_lin,1113,nan,91,69,81,83,88,86,65,94,80,li_ke
669,quan_mo_cheng,1113,nan,86,71,75,78,84,94,79,90,78,li_ke
670,luo_hai_na,1113,nv,86,77,74,91,77,88,63,88,85,li_ke
671,tong_chun_beng,1113,nan,67,85,83,73,75,98,75,94,78,li_ke
672,mi_lei,1113,nan,83,80,85,89,86,92,56,80,66,li_ke
673,chu_cheng_xiang,1113,nan,82,67,75,95,74,87,68,84,79,li_ke
674,zhao_you_yang,1113,nan,86,60,68,82,85,90,60,94,81,li_ke
675,liu_meng_qiu,1113,nan,82,68,70,74,77,90,71,78,83,li_ke
676,shu_mao,1113,nan,66,58,73,67,58,80,51,80,72,li_ke
677,hua_ya,1113,nan,33,46,30,65,82,76,56,76,59,li_ke
678,gu_yi_jing,1114,nv,85,97,95,86,91,96,95,100,98,li_ke
679,ji_shan_xiao,1114,nan,87,92,90,98,98,98,91,92,89,li_ke
680,pu_chen_cheng,1114,nan,87,89,88,95,94,98,95,94,93,li_ke
681,chang_yan_yun,1114,nv,91,82,88,94,92,100,87,100,92,li_ke
682,jin_xing,1114,nan,86,89,88,94,93,96,86,96,95,li_ke
683,hou_xing_jie,1114,nan,89,97,90,86,90,96,86,94,88,li_ke
684,hao_chen_fang,1114,nv,87,90,91,93,94,92,83,96,89,li_ke
685,hang_meng_wen,1114,nan,91,84,89,92,83,96,97,90,91,li_ke
686,zhong_zhi_gao,1114,nan,88,95,87,93,96,92,77,92,90,li_ke
687,chang_hai_xia,1114,nv,91,97,93,96,79,96,76,98,84,li_ke
688,long_qi_meng,1114,nan,87,95,86,94,83,82,89,98,93,li_ke
689,chang_you_jiao,1114,nv,88,83,85,97,87,95,92,96,78,li_ke
690,ji_mei_hua,1114,nv,88,88,87,95,93,88,83,98,78,li_ke
691,ji_xian_zhong,1114,nan,91,74,76,92,98,92,86,98,90,li_ke
692,quan_chao_gui,1114,nan,83,86,82,95,89,98,89,88,86,li_ke
693,yan_xin_e,1114,nv,86,95,87,97,94,84,74,96,82,li_ke
694,luo_meng,1114,nv,86,81,85,92,91,98,74,94,93,li_ke
695,ji_zhi_yong,1114,nan,93,87,88,93,86,92,77,94,84,li_ke
696,ke_ting,1114,nv,87,82,92,91,95,100,75,86,85,li_ke
697,wei_jiang_tao,1114,nan,85,80,83,92,86,94,78,98,93,li_ke
698,cui_qi,1114,nv,88,81,86,90,86,88,81,96,90,li_ke
699,wu_zheng_lin,1114,nan,88,88,86,71,85,92,87,94,90,li_ke
700,cang_wang_jin,1114,nan,86,75,81,89,91,90,87,84,96,li_ke
701,ru_ke,1114,nan,83,77,93,84,87,90,85,96,83,li_ke
702,ding_gu_zheng,1114,nan,86,70,84,96,81,88,88,94,90,li_ke
703,ru_yun_fang,1114,nv,89,87,80,92,82,92,76,96,82,li_ke
704,ji_wei_meng,1114,nan,81,84,91,96,94,88,78,88,75,li_ke
705,jing_zhi_lin,1114,nv,85,92,85,95,92,88,77,78,82,li_ke
706,ge_yuan_xiao,1114,nan,86,90,93,86,80,92,86,82,79,li_ke
707,fei_ta_jiang,1114,nan,85,78,84,94,86,90,76,88,90,li_ke
708,suo/suo_zuo_jun,1114,nan,86,77,85,87,96,92,76,88,84,li_ke
709,li_ting_ting,1114,nv,84,88,92,93,77,82,79,90,85,li_ke
710,che_xin_jie,1114,nan,88,86,89,83,89,85,73,94,79,li_ke
711,zhong_ling_yang,1114,nv,80,77,81,92,82,94,80,92,87,li_ke
712,fang_gong_bei,1114,nv,85,94,87,89,83,88,78,82,75,li_ke
713,yu_jin_beng,1114,nan,82,84,80,88,81,84,85,92,77,li_ke
714,su_zhi_yun,1114,nan,82,84,77,80,86,89,74,94,86,li_ke
715,yang_gao_yu,1114,nan,85,73,73,86,77,90,80,94,93,li_ke
716,wei_jun,1114,nan,81,92,79,93,72,92,78,86,75,li_ke
717,shi_ji_hai,1114,nan,84,79,67,88,83,94,77,90,85,li_ke
718,xun_tian_qing,1114,nv,88,80,66,86,86,86,66,92,89,li_ke
719,niu_shao_wen,1114,nan,85,74,74,90,86,88,64,92,73,li_ke
720,ji_xian_you,1114,nan,86,84,84,83,83,91,68,66,73,li_ke
721,ben_jing_jiao,1114,nv,83,83,75,86,85,94,43,88,78,li_ke
722,gu_xu_wen,1114,nan,78,74,80,93,76,92,58,92,72,li_ke
723,zhao_yan_cheng,1114,nan,79,68,79,80,80,86,68,84,82,li_ke
724,fang_duo_jiang,1114,nan,78,64,82,81,77,82,79,82,66,li_ke
725,fang_shun,1114,nan,77,62,78,77,67,80,50,60,70,wen_ke
726,ke_li/li,1115,nv,88,89,91,95,93,94,91,100,99,li_ke
727,ji_li_nian,1115,nan,86,94,86,94,90,96,94,98,93,li_ke
728,bie_shen_hong,1115,nan,86,97,88,91,98,100,89,94,85,li_ke
729,deng_xiang,1115,nan,86,96,84,89,92,92,91,100,89,li_ke
730,hong_gu_wang,1115,nan,83,98,86,95,84,94,84,100,92,li_ke
731,chai_heng,1115,nan,90,83,92,93,92,96,85,96,88,li_ke
732,xiao_jiang_lin,1115,nan,85,98,83,85,88,92,90,100,93,li_ke
733,che_qing_ri,1115,nan,88,96,87,97,86,93,82,94,88,li_ke
734,shi_lin_zhi,1115,nan,86,89,83,92,83,97,91,92,93,li_ke
735,qi_zhi_teng,1115,nan,87,97,88,90,92,91,84,90,87,li_ke
736,chu_dong_sheng,1115,nan,84,87,88,87,90,96,80,96,93,li_ke
737,bing_bin,1115,nan,84,87,84,94,91,96,83,96,86,li_ke
738,xu_tao,1115,nan,80,88,85,93,89,90,86,100,86,li_ke
739,ji_qing_ling,1115,nv,85,92,87,95,81,88,87,94,86,li_ke
740,cang_zhen_run,1115,nan,79,83,93,88,88,94,84,100,84,li_ke
741,peng_cheng_yong,1115,nan,80,87,85,88,83,90,92,98,88,li_ke
742,dang_liang_shun,1115,nan,82,89,83,94,85,98,83,88,88,li_ke
743,yi_lian_kun,1115,nan,86,90,85,82,88,88,86,92,90,li_ke
744,kong_he_xiang,1115,nan,91,83,77,91,86,94,89,92,83,li_ke
745,shao_jie_de,1115,nan,87,78,88,89,87,94,84,98,79,li_ke
746,cu_xiu_fa,1115,nan,90,91,89,87,86,80,78,92,88,li_ke
747,lv_xiu_fang,1115,nv,81,95,88,86,68,96,88,92,85,li_ke
748,kang_ya_li,1115,nv,78,91,81,89,93,94,85,90,78,li_ke
749,sun_fu_beng,1115,nan,88,80,87,92,84,88,88,90,79,li_ke
750,cui_xiao_long,1115,nan,84,82,84,90,84,92,85,90,83,li_ke
751,xuan_xiao_mei,1115,nv,92,83,88,93,88,93,72,82,83,li_ke
752,bao_xiao_rong,1115,nv,90,74,87,93,85,90,85,92,78,li_ke
753,tong_chan,1115,nan,85,88,89,88,83,92,89,82,74,li_ke
754,hong_xiao_fang,1115,nv,83,86,85,95,79,96,75,86,84,li_ke
755,shi_zong_xue,1115,nan,82,78,85,89,89,88,81,94,80,li_ke
756,yan_qing_shan,1115,nan,88,87,82,82,86,94,75,86,81,li_ke
757,jing_jie,1115,nan,87,85,79,91,86,94,75,84,80,li_ke
758,bie_zuo_dong,1115,nan,87,91,86,90,72,92,67,90,85,li_ke
759,li/li_yun_yun,1115,nan,87,82,78,96,81,94,67,88,84,li_ke
760,zhang_liang_beng,1115,nan,0,0,0,0,0,0,0,0,0,li_ke
761,que_xiang_yue,1115,nan,82,82,81,89,79,84,91,88,80,li_ke
762,ni_qi_bei,1115,nan,79,74,75,89,81,86,86,94,84,li_ke
763,mao_fu_wen,1115,nan,82,72,81,92,86,82,72,90,88,li_ke
764,ji_teng_jun,1115,nan,79,89,72,84,87,86,73,88,81,li_ke
765,sun_rong_hua,1115,nan,81,79,79,87,92,86,72,84,79,li_ke
766,ju_xiu_lin,1115,nan,78,62,79,94,93,90,83,86,74,li_ke
767,liu_li_bin,1115,nan,88,73,84,87,81,84,81,88,73,li_ke
768,liu_ji,1115,nv,91,85,88,89,61,92,71,82,79,li_ke
769,ji_bing,1115,nan,88,68,77,91,82,87,62,88,67,li_ke
770,tan_guan_fa,1115,nan,79,78,70,83,86,86,76,78,70,li_ke
771,ying_shang_qing,1115,nan,87,63,55,93,100,94,43,88,82,li_ke
772,xu_hong_beng,1115,nan,85,59,89,80,85,82,61,64,75,li_ke
773,chang_xiao_feng,1115,nan,81,62,76,89,76,91,49,68,74,li_ke
774,zheng_mu_hai,1115,nan,72,59,82,92,85,82,59,58,55,li_ke
